-- MySQL dump 10.13  Distrib 5.6.26, for osx10.10 (x86_64)
--
-- Host: localhost    Database: jibble
-- ------------------------------------------------------
-- Server version	5.6.27

/*!40101 SET @OLD_CHARACTER_SET_CLIENT=@@CHARACTER_SET_CLIENT */;
/*!40101 SET @OLD_CHARACTER_SET_RESULTS=@@CHARACTER_SET_RESULTS */;
/*!40101 SET @OLD_COLLATION_CONNECTION=@@COLLATION_CONNECTION */;
/*!40101 SET NAMES utf8 */;
/*!40103 SET @OLD_TIME_ZONE=@@TIME_ZONE */;
/*!40103 SET TIME_ZONE='+00:00' */;
/*!40014 SET @OLD_UNIQUE_CHECKS=@@UNIQUE_CHECKS, UNIQUE_CHECKS=0 */;
/*!40014 SET @OLD_FOREIGN_KEY_CHECKS=@@FOREIGN_KEY_CHECKS, FOREIGN_KEY_CHECKS=0 */;
/*!40101 SET @OLD_SQL_MODE=@@SQL_MODE, SQL_MODE='NO_AUTO_VALUE_ON_ZERO' */;
/*!40111 SET @OLD_SQL_NOTES=@@SQL_NOTES, SQL_NOTES=0 */;

--
-- Table structure for table `customers`
--

DROP TABLE IF EXISTS `customers`;
/*!40101 SET @saved_cs_client     = @@character_set_client */;
/*!40101 SET character_set_client = utf8 */;
CREATE TABLE `customers` (
  `id` int(11) NOT NULL AUTO_INCREMENT,
  `name` varchar(45) DEFAULT NULL,
  `domain` varchar(250) DEFAULT NULL,
  `template_id` int(11) DEFAULT NULL,
  `created_at` datetime DEFAULT NULL,
  `updated_at` datetime DEFAULT NULL,
  PRIMARY KEY (`id`)
) ENGINE=InnoDB AUTO_INCREMENT=13 DEFAULT CHARSET=utf8;
/*!40101 SET character_set_client = @saved_cs_client */;

--
-- Dumping data for table `customers`
--

LOCK TABLES `customers` WRITE;
/*!40000 ALTER TABLE `customers` DISABLE KEYS */;
INSERT INTO `customers` VALUES (1,'restaurant','www.restaurant.com',1,'2015-10-15 10:14:34','2015-11-01 05:46:08'),(2,'cafe','www.cafe.com',2,'2015-10-15 10:10:48','2015-11-03 08:27:15'),(12,'new','www.new.com',1,'2015-11-02 23:57:18','2015-11-03 10:12:40');
/*!40000 ALTER TABLE `customers` ENABLE KEYS */;
UNLOCK TABLES;

--
-- Table structure for table `gallerys`
--

DROP TABLE IF EXISTS `gallerys`;
/*!40101 SET @saved_cs_client     = @@character_set_client */;
/*!40101 SET character_set_client = utf8 */;
CREATE TABLE `gallerys` (
  `id` int(11) NOT NULL AUTO_INCREMENT,
  `image` varchar(245) NOT NULL,
  `title` varchar(45) NOT NULL,
  `customer_id` int(11) DEFAULT NULL,
  `created_at` datetime DEFAULT NULL,
  `updated_at` datetime DEFAULT NULL,
  PRIMARY KEY (`id`)
) ENGINE=InnoDB AUTO_INCREMENT=57 DEFAULT CHARSET=utf8;
/*!40101 SET character_set_client = @saved_cs_client */;

--
-- Dumping data for table `gallerys`
--

LOCK TABLES `gallerys` WRITE;
/*!40000 ALTER TABLE `gallerys` DISABLE KEYS */;
INSERT INTO `gallerys` VALUES (1,'/demo1/images/s1.jpg','Dutch Delight',1,NULL,NULL),(2,'/demo1/images/s2.jpg','Dutch Delight',1,NULL,NULL),(3,'/demo1/images/s3.jpg','Dutch Delight',1,NULL,NULL),(4,'/demo1/images/s4.jpg','Dutch Delight',1,NULL,NULL),(5,'/demo1/images/s5.jpg','Dutch Delight',1,NULL,NULL),(6,'/demo1/images/s6.jpg','Dutch Delight',1,NULL,NULL),(7,'/demo1/images/s7.jpg','Dutch Delight',1,NULL,NULL),(8,'/demo1/images/s8.jpg','Dutch Delight',1,NULL,NULL),(9,'/demo1/images/s9.jpg','Dutch Delight',1,NULL,NULL),(10,'/demo1/images/s10.jpg','Dutch Delight',1,NULL,NULL),(11,'/demo1/images/s11.jpg','Dutch Delight',1,NULL,NULL),(12,'/demo1/images/s12.jpg','Dutch Delight',1,NULL,NULL),(13,'/demo2/images/s1.jpg','',2,NULL,NULL),(14,'/demo2/images/s2.jpg','',2,NULL,NULL),(15,'/demo2/images/s3.jpg','',2,NULL,NULL),(16,'/demo2/images/s4.jpg','',2,NULL,NULL),(17,'/demo2/images/s5.jpg','',2,NULL,NULL),(18,'/demo2/images/s6.jpg','',2,NULL,NULL),(19,'/demo2/images/s7.jpg','',2,NULL,NULL),(20,'/demo2/images/s8.jpg','',2,NULL,NULL),(21,'/demo2/images/s9.jpg','',2,NULL,NULL),(22,'/demo2/images/s10.jpg','',2,NULL,NULL),(55,'/new/images/s1.jpg','new',12,'2015-11-03 00:59:46','2015-11-03 00:59:46'),(56,'/new/images/s2.jpg','new',12,'2015-11-03 01:00:01','2015-11-03 01:00:01');
/*!40000 ALTER TABLE `gallerys` ENABLE KEYS */;
UNLOCK TABLES;

--
-- Table structure for table `logs`
--

DROP TABLE IF EXISTS `logs`;
/*!40101 SET @saved_cs_client     = @@character_set_client */;
/*!40101 SET character_set_client = utf8 */;
CREATE TABLE `logs` (
  `id` int(11) NOT NULL AUTO_INCREMENT,
  `operator` varchar(45) DEFAULT NULL,
  `created_at` datetime DEFAULT NULL,
  `action` varchar(45) DEFAULT NULL,
  `updated_at` datetime DEFAULT NULL,
  PRIMARY KEY (`id`)
) ENGINE=InnoDB AUTO_INCREMENT=603 DEFAULT CHARSET=utf8;
/*!40101 SET character_set_client = @saved_cs_client */;

--
-- Dumping data for table `logs`
--

LOCK TABLES `logs` WRITE;
/*!40000 ALTER TABLE `logs` DISABLE KEYS */;
INSERT INTO `logs` VALUES (1,'staff','2015-10-31 23:14:51','GET customers','2015-10-31 23:14:51'),(2,'staff','2015-10-31 23:14:51','GET templates','2015-10-31 23:14:51'),(3,'staff','2015-10-31 23:14:54','GET simple_infos','2015-10-31 23:14:54'),(4,'staff','2015-10-31 23:14:56','GET gallerys','2015-10-31 23:14:56'),(5,'staff','2015-10-31 23:14:56','GET customers','2015-10-31 23:14:56'),(6,'staff','2015-10-31 23:15:33','PUT customers/2','2015-10-31 23:15:33'),(7,'staff','2015-10-31 23:15:33','GET customers','2015-10-31 23:15:33'),(8,'staff','2015-10-31 23:16:57','PUT customers/2','2015-10-31 23:16:57'),(9,'staff','2015-10-31 23:16:57','GET customers','2015-10-31 23:16:57'),(10,'staff','2015-10-31 23:17:09','PUT customers/1','2015-10-31 23:17:09'),(11,'staff','2015-10-31 23:17:09','GET customers','2015-10-31 23:17:09'),(12,'staff','2015-10-31 23:18:14','GET users','2015-10-31 23:18:14'),(13,'staff','2015-10-31 23:19:32','GET customers','2015-10-31 23:19:32'),(14,'staff','2015-10-31 23:19:32','GET templates','2015-10-31 23:19:32'),(15,'staff','2015-10-31 23:19:36','GET simple_infos','2015-10-31 23:19:36'),(16,'staff','2015-10-31 23:19:40','GET gallerys','2015-10-31 23:19:40'),(17,'staff','2015-10-31 23:19:40','GET customers','2015-10-31 23:19:40'),(18,'staff','2015-10-31 23:21:19','POST gallerys','2015-10-31 23:21:19'),(19,'staff','2015-10-31 23:21:21','POST gallerys','2015-10-31 23:21:21'),(20,'staff','2015-10-31 23:33:36','GET templates','2015-10-31 23:33:36'),(21,'staff','2015-10-31 23:33:38','GET working_hours','2015-10-31 23:33:38'),(22,'staff','2015-10-31 23:33:38','GET customers','2015-10-31 23:33:38'),(23,'staff','2015-10-31 23:34:03','GET simple_infos','2015-10-31 23:34:03'),(24,'staff','2015-10-31 23:36:11','GET customers','2015-10-31 23:36:11'),(25,'staff','2015-10-31 23:36:11','GET templates','2015-10-31 23:36:11'),(26,'staff','2015-10-31 23:36:26','GET gallerys','2015-10-31 23:36:26'),(27,'staff','2015-10-31 23:36:26','GET customers','2015-10-31 23:36:26'),(28,'staff','2015-11-01 00:09:54','GET simple_infos','2015-11-01 00:09:54'),(29,'staff','2015-11-01 00:10:13','GET simple_infos','2015-11-01 00:10:13'),(30,'staff','2015-11-01 00:15:45','GET simple_infos','2015-11-01 00:15:45'),(31,'staff','2015-11-01 00:16:10','GET simple_infos','2015-11-01 00:16:10'),(32,'staff','2015-11-01 00:16:25','GET customers','2015-11-01 00:16:25'),(33,'staff','2015-11-01 00:16:25','GET templates','2015-11-01 00:16:25'),(34,'staff','2015-11-01 00:16:26','GET simple_infos','2015-11-01 00:16:26'),(35,'staff','2015-11-01 00:16:38','GET simple_infos','2015-11-01 00:16:38'),(36,'staff','2015-11-01 00:22:20','GET simple_infos','2015-11-01 00:22:20'),(37,'staff','2015-11-01 00:22:38','GET simple_infos','2015-11-01 00:22:38'),(38,'staff','2015-11-01 00:23:05','GET simple_infos','2015-11-01 00:23:05'),(39,'staff','2015-11-01 00:23:58','GET simple_infos','2015-11-01 00:23:58'),(40,'staff','2015-11-01 00:24:37','GET simple_infos','2015-11-01 00:24:37'),(41,'staff','2015-11-01 00:27:02','GET simple_infos','2015-11-01 00:27:02'),(42,'staff','2015-11-01 00:30:26','GET simple_infos','2015-11-01 00:30:26'),(43,'staff','2015-11-01 00:30:36','GET simple_infos','2015-11-01 00:30:36'),(44,'staff','2015-11-01 00:36:05','GET simple_infos','2015-11-01 00:36:05'),(45,'staff','2015-11-01 00:36:19','GET simple_infos','2015-11-01 00:36:19'),(46,'staff','2015-11-01 00:36:58','GET simple_infos','2015-11-01 00:36:58'),(47,'staff','2015-11-01 00:37:27','GET simple_infos','2015-11-01 00:37:27'),(48,'staff','2015-11-01 00:38:01','GET simple_infos','2015-11-01 00:38:01'),(49,'staff','2015-11-01 00:38:15','GET simple_infos','2015-11-01 00:38:15'),(50,'staff','2015-11-01 00:38:33','GET simple_infos','2015-11-01 00:38:33'),(51,'staff','2015-11-01 00:39:20','GET simple_infos','2015-11-01 00:39:20'),(52,'staff','2015-11-01 00:40:10','GET simple_infos','2015-11-01 00:40:10'),(53,'staff','2015-11-01 00:41:11','GET simple_infos','2015-11-01 00:41:11'),(54,'staff','2015-11-01 00:41:57','GET simple_infos','2015-11-01 00:41:57'),(55,'staff','2015-11-01 00:43:37','GET simple_infos','2015-11-01 00:43:37'),(56,'staff','2015-11-01 00:45:31','GET simple_infos','2015-11-01 00:45:31'),(57,'staff','2015-11-01 00:48:03','GET simple_infos','2015-11-01 00:48:03'),(58,'staff','2015-11-01 00:48:46','GET simple_infos','2015-11-01 00:48:46'),(59,'staff','2015-11-01 00:50:05','GET simple_infos','2015-11-01 00:50:05'),(60,'staff','2015-11-01 00:50:51','GET simple_infos','2015-11-01 00:50:51'),(61,'staff','2015-11-01 00:57:48','GET simple_infos','2015-11-01 00:57:48'),(62,'staff','2015-11-01 01:02:24','GET simple_infos','2015-11-01 01:02:24'),(63,'staff','2015-11-01 02:02:51','GET customers','2015-11-01 02:02:51'),(64,'staff','2015-11-01 02:02:51','GET templates','2015-11-01 02:02:51'),(65,'staff','2015-11-01 02:03:01','PUT customers/1','2015-11-01 02:03:01'),(66,'staff','2015-11-01 02:03:01','GET customers','2015-11-01 02:03:01'),(67,'staff','2015-11-01 02:17:56','GET simple_infos','2015-11-01 02:17:56'),(68,'staff','2015-11-01 02:18:26','GET simple_infos','2015-11-01 02:18:26'),(69,'staff','2015-11-01 02:20:12','GET simple_infos','2015-11-01 02:20:12'),(70,'staff','2015-11-01 02:22:22','GET simple_infos','2015-11-01 02:22:22'),(71,'staff','2015-11-01 02:24:52','GET simple_infos','2015-11-01 02:24:52'),(72,'staff','2015-11-01 02:27:26','GET simple_infos','2015-11-01 02:27:26'),(73,'staff','2015-11-01 02:28:24','GET simple_infos','2015-11-01 02:28:24'),(74,'staff','2015-11-01 02:28:56','GET simple_infos','2015-11-01 02:28:56'),(75,'staff','2015-11-01 02:30:55','GET simple_infos','2015-11-01 02:30:55'),(76,'staff','2015-11-01 02:31:28','GET simple_infos','2015-11-01 02:31:28'),(77,'staff','2015-11-01 02:46:58','GET simple_infos','2015-11-01 02:46:58'),(78,'staff','2015-11-01 02:48:11','GET simple_infos','2015-11-01 02:48:11'),(79,'staff','2015-11-01 02:49:46','GET simple_infos','2015-11-01 02:49:46'),(80,'staff','2015-11-01 02:50:39','GET simple_infos','2015-11-01 02:50:39'),(81,'staff','2015-11-01 02:51:07','GET simple_infos','2015-11-01 02:51:07'),(82,'staff','2015-11-01 02:51:35','GET simple_infos','2015-11-01 02:51:35'),(83,'staff','2015-11-01 02:53:01','GET simple_infos','2015-11-01 02:53:01'),(84,'staff','2015-11-01 02:55:29','GET simple_infos','2015-11-01 02:55:29'),(85,'staff','2015-11-01 02:55:40','GET simple_infos','2015-11-01 02:55:40'),(86,'staff','2015-11-01 02:55:47','GET gallerys','2015-11-01 02:55:47'),(87,'staff','2015-11-01 02:55:47','GET customers','2015-11-01 02:55:47'),(88,'staff','2015-11-01 02:55:51','GET simple_infos','2015-11-01 02:55:51'),(89,'staff','2015-11-01 02:57:03','GET simple_infos','2015-11-01 02:57:03'),(90,'staff','2015-11-01 02:57:54','GET simple_infos','2015-11-01 02:57:54'),(91,'staff','2015-11-01 02:58:45','GET simple_infos','2015-11-01 02:58:45'),(92,'staff','2015-11-01 03:02:39','GET simple_infos','2015-11-01 03:02:39'),(93,'staff','2015-11-01 03:05:15','GET simple_infos','2015-11-01 03:05:15'),(94,'staff','2015-11-01 03:05:48','GET simple_infos','2015-11-01 03:05:48'),(95,'staff','2015-11-01 03:06:56','GET simple_infos','2015-11-01 03:06:56'),(96,'staff','2015-11-01 03:07:16','GET simple_infos','2015-11-01 03:07:16'),(97,'staff','2015-11-01 03:08:07','GET simple_infos','2015-11-01 03:08:07'),(98,'staff','2015-11-01 03:09:34','GET simple_infos','2015-11-01 03:09:34'),(99,'staff','2015-11-01 03:09:56','GET simple_infos','2015-11-01 03:09:56'),(100,'staff','2015-11-01 03:11:08','GET simple_infos','2015-11-01 03:11:08'),(101,'staff','2015-11-01 03:14:00','GET simple_infos','2015-11-01 03:14:00'),(102,'staff','2015-11-01 03:17:15','GET simple_infos','2015-11-01 03:17:15'),(103,'staff','2015-11-01 03:17:28','GET simple_infos','2015-11-01 03:17:28'),(104,'staff','2015-11-01 03:17:44','GET simple_infos','2015-11-01 03:17:44'),(105,'staff','2015-11-01 03:18:13','GET simple_infos','2015-11-01 03:18:13'),(106,'staff','2015-11-01 03:18:35','GET simple_infos','2015-11-01 03:18:35'),(107,'staff','2015-11-01 03:20:50','GET simple_infos','2015-11-01 03:20:50'),(108,'staff','2015-11-01 03:21:18','GET simple_infos','2015-11-01 03:21:18'),(109,'staff','2015-11-01 03:22:04','GET simple_infos','2015-11-01 03:22:04'),(110,'staff','2015-11-01 03:32:21','GET customers','2015-11-01 03:32:21'),(111,'staff','2015-11-01 03:32:21','GET templates','2015-11-01 03:32:21'),(112,'staff','2015-11-01 03:39:05','GET customers','2015-11-01 03:39:05'),(113,'staff','2015-11-01 03:39:05','GET templates','2015-11-01 03:39:05'),(114,'staff','2015-11-01 03:39:16','GET gallerys','2015-11-01 03:39:16'),(115,'staff','2015-11-01 03:39:16','GET customers','2015-11-01 03:39:16'),(116,'staff','2015-11-01 03:43:00','GET gallerys','2015-11-01 03:43:00'),(117,'staff','2015-11-01 03:43:00','GET customers','2015-11-01 03:43:00'),(118,'staff','2015-11-01 03:43:48','GET gallerys','2015-11-01 03:43:48'),(119,'staff','2015-11-01 03:43:48','GET customers','2015-11-01 03:43:48'),(120,'staff','2015-11-01 03:44:27','GET gallerys','2015-11-01 03:44:27'),(121,'staff','2015-11-01 03:44:27','GET customers','2015-11-01 03:44:27'),(122,'staff','2015-11-01 03:47:06','GET simple_infos','2015-11-01 03:47:06'),(123,'staff','2015-11-01 03:47:09','GET gallerys','2015-11-01 03:47:09'),(124,'staff','2015-11-01 03:47:09','GET customers','2015-11-01 03:47:09'),(125,'staff','2015-11-01 03:47:40','GET gallerys','2015-11-01 03:47:40'),(126,'staff','2015-11-01 03:47:40','GET customers','2015-11-01 03:47:40'),(127,'staff','2015-11-01 03:47:52','GET working_hours','2015-11-01 03:47:52'),(128,'staff','2015-11-01 03:47:52','GET customers','2015-11-01 03:47:52'),(129,'staff','2015-11-01 03:49:29','GET working_hours','2015-11-01 03:49:29'),(130,'staff','2015-11-01 03:49:29','GET customers','2015-11-01 03:49:29'),(131,'staff','2015-11-01 03:50:15','GET working_hours','2015-11-01 03:50:15'),(132,'staff','2015-11-01 03:50:15','GET customers','2015-11-01 03:50:15'),(133,'staff','2015-11-01 03:50:23','GET templates','2015-11-01 03:50:23'),(134,'staff','2015-11-01 03:52:22','GET templates','2015-11-01 03:52:22'),(135,'staff','2015-11-01 03:52:51','GET customers','2015-11-01 03:52:51'),(136,'staff','2015-11-01 03:52:51','GET templates','2015-11-01 03:52:51'),(137,'staff','2015-11-01 03:53:05','GET users','2015-11-01 03:53:05'),(138,'staff','2015-11-01 03:54:50','GET logs','2015-11-01 03:54:50'),(139,'staff','2015-11-01 03:56:41','GET gallerys','2015-11-01 03:56:41'),(140,'staff','2015-11-01 03:56:42','GET customers','2015-11-01 03:56:42'),(141,'staff','2015-11-01 03:56:43','GET simple_infos','2015-11-01 03:56:43'),(142,'staff','2015-11-01 03:56:51','GET working_hours','2015-11-01 03:56:51'),(143,'staff','2015-11-01 03:56:51','GET customers','2015-11-01 03:56:51'),(144,'staff','2015-11-01 03:57:06','GET users','2015-11-01 03:57:06'),(145,'staff','2015-11-01 04:46:37','GET simple_infos','2015-11-01 04:46:37'),(146,'staff','2015-11-01 04:47:47','GET simple_infos','2015-11-01 04:47:47'),(147,'staff','2015-11-01 04:49:21','GET simple_infos','2015-11-01 04:49:21'),(148,'staff','2015-11-01 04:49:52','GET simple_infos','2015-11-01 04:49:52'),(149,'staff','2015-11-01 04:49:58','GET customers','2015-11-01 04:49:58'),(150,'staff','2015-11-01 04:49:58','GET templates','2015-11-01 04:49:58'),(151,'staff','2015-11-01 04:50:03','GET gallerys','2015-11-01 04:50:03'),(152,'staff','2015-11-01 04:50:03','GET customers','2015-11-01 04:50:03'),(153,'staff','2015-11-01 04:50:54','GET gallerys','2015-11-01 04:50:54'),(154,'staff','2015-11-01 04:50:54','GET customers','2015-11-01 04:50:54'),(155,'staff','2015-11-01 04:51:06','GET simple_infos','2015-11-01 04:51:06'),(156,'staff','2015-11-01 04:51:06','GET customers','2015-11-01 04:51:06'),(157,'staff','2015-11-01 04:51:06','GET templates','2015-11-01 04:51:06'),(158,'staff','2015-11-01 04:51:36','GET gallerys','2015-11-01 04:51:36'),(159,'staff','2015-11-01 04:51:36','GET customers','2015-11-01 04:51:36'),(160,'staff','2015-11-01 04:52:21','GET customers','2015-11-01 04:52:21'),(161,'staff','2015-11-01 04:52:21','GET templates','2015-11-01 04:52:21'),(162,'staff','2015-11-01 04:52:28','GET simple_infos','2015-11-01 04:52:28'),(163,'staff','2015-11-01 04:52:31','GET gallerys','2015-11-01 04:52:31'),(164,'staff','2015-11-01 04:52:31','GET customers','2015-11-01 04:52:31'),(165,'staff','2015-11-01 04:52:34','GET working_hours','2015-11-01 04:52:34'),(166,'staff','2015-11-01 04:52:34','GET customers','2015-11-01 04:52:34'),(167,'staff','2015-11-01 04:53:03','GET working_hours','2015-11-01 04:53:03'),(168,'staff','2015-11-01 04:53:03','GET customers','2015-11-01 04:53:03'),(169,'staff','2015-11-01 04:53:28','GET templates','2015-11-01 04:53:28'),(170,'staff','2015-11-01 04:53:31','GET users','2015-11-01 04:53:31'),(171,'staff','2015-11-01 04:53:49','GET users','2015-11-01 04:53:49'),(172,'staff','2015-11-01 05:30:56','GET gallerys','2015-11-01 05:30:56'),(173,'staff','2015-11-01 05:30:56','GET customers','2015-11-01 05:30:56'),(174,'staff','2015-11-01 05:31:08','DELETE gallerys/46','2015-11-01 05:31:08'),(175,'staff','2015-11-01 05:31:08','GET gallerys','2015-11-01 05:31:08'),(176,'staff','2015-11-01 05:31:10','DELETE gallerys/45','2015-11-01 05:31:10'),(177,'staff','2015-11-01 05:31:10','GET gallerys','2015-11-01 05:31:10'),(178,'staff','2015-11-01 05:31:14','DELETE gallerys/44','2015-11-01 05:31:14'),(179,'staff','2015-11-01 05:31:14','GET gallerys','2015-11-01 05:31:14'),(180,'staff','2015-11-01 05:31:26','GET customers','2015-11-01 05:31:26'),(181,'staff','2015-11-01 05:31:26','GET templates','2015-11-01 05:31:26'),(182,'staff','2015-11-01 05:31:34','GET simple_infos','2015-11-01 05:31:34'),(183,'staff','2015-11-01 05:31:57','GET simple_infos','2015-11-01 05:31:57'),(184,'staff','2015-11-01 05:32:02','GET customers','2015-11-01 05:32:02'),(185,'staff','2015-11-01 05:32:02','GET templates','2015-11-01 05:32:02'),(186,'staff','2015-11-01 05:32:04','GET gallerys','2015-11-01 05:32:04'),(187,'staff','2015-11-01 05:32:04','GET customers','2015-11-01 05:32:04'),(188,'staff','2015-11-01 05:32:05','GET working_hours','2015-11-01 05:32:05'),(189,'staff','2015-11-01 05:32:05','GET customers','2015-11-01 05:32:05'),(190,'staff','2015-11-01 05:32:06','GET templates','2015-11-01 05:32:06'),(191,'staff','2015-11-01 05:32:07','GET users','2015-11-01 05:32:07'),(192,'staff','2015-11-01 05:32:08','GET logs','2015-11-01 05:32:08'),(193,'staff','2015-11-01 05:33:57','GET simple_infos','2015-11-01 05:33:57'),(194,'staff','2015-11-01 05:34:18','GET simple_infos','2015-11-01 05:34:18'),(195,'staff','2015-11-01 05:36:18','GET simple_infos','2015-11-01 05:36:18'),(196,'staff','2015-11-01 05:37:02','GET simple_infos','2015-11-01 05:37:02'),(197,'staff','2015-11-01 05:37:09','GET customers','2015-11-01 05:37:09'),(198,'staff','2015-11-01 05:37:09','GET templates','2015-11-01 05:37:09'),(199,'staff','2015-11-01 05:37:11','GET gallerys','2015-11-01 05:37:11'),(200,'staff','2015-11-01 05:37:11','GET customers','2015-11-01 05:37:11'),(201,'staff','2015-11-01 05:42:24','GET simple_infos','2015-11-01 05:42:24'),(202,'staff','2015-11-01 05:42:38','GET gallerys','2015-11-01 05:42:38'),(203,'staff','2015-11-01 05:42:38','GET customers','2015-11-01 05:42:38'),(204,'staff','2015-11-01 05:42:47','GET simple_infos','2015-11-01 05:42:47'),(205,'staff','2015-11-01 05:43:09','GET working_hours','2015-11-01 05:43:09'),(206,'staff','2015-11-01 05:43:09','GET customers','2015-11-01 05:43:09'),(207,'staff','2015-11-01 05:43:18','GET gallerys','2015-11-01 05:43:18'),(208,'staff','2015-11-01 05:43:18','GET customers','2015-11-01 05:43:18'),(209,'staff','2015-11-01 05:43:52','GET gallerys','2015-11-01 05:43:52'),(210,'staff','2015-11-01 05:43:52','GET customers','2015-11-01 05:43:52'),(211,'staff','2015-11-01 05:43:56','GET simple_infos','2015-11-01 05:43:56'),(212,'staff','2015-11-01 05:45:22','GET customers','2015-11-01 05:45:22'),(213,'staff','2015-11-01 05:45:22','GET templates','2015-11-01 05:45:22'),(214,'staff','2015-11-01 05:46:08','PUT customers/1','2015-11-01 05:46:08'),(215,'staff','2015-11-01 05:46:08','GET customers','2015-11-01 05:46:08'),(216,'staff','2015-11-01 05:46:15','GET gallerys','2015-11-01 05:46:15'),(217,'staff','2015-11-01 05:46:15','GET customers','2015-11-01 05:46:15'),(218,'staff','2015-11-01 05:48:42','GET customers','2015-11-01 05:48:42'),(219,'staff','2015-11-01 05:50:29','GET customers','2015-11-01 05:50:29'),(220,'staff','2015-11-01 05:51:02','GET customers','2015-11-01 05:51:02'),(221,'staff','2015-11-01 05:51:02','GET templates','2015-11-01 05:51:02'),(222,'staff','2015-11-01 05:51:34','GET customers','2015-11-01 05:51:34'),(223,'staff','2015-11-01 05:51:34','GET templates','2015-11-01 05:51:34'),(224,'staff','2015-11-01 05:51:41','GET simple_infos','2015-11-01 05:51:41'),(225,'staff','2015-11-01 05:51:43','GET working_hours','2015-11-01 05:51:43'),(226,'staff','2015-11-01 05:51:43','GET customers','2015-11-01 05:51:43'),(227,'staff','2015-11-01 05:51:56','GET templates','2015-11-01 05:51:56'),(228,'staff','2015-11-01 05:52:03','GET gallerys','2015-11-01 05:52:03'),(229,'staff','2015-11-01 05:52:03','GET customers','2015-11-01 05:52:03'),(230,'staff','2015-11-01 05:53:21','GET simple_infos','2015-11-01 05:53:21'),(231,'staff','2015-11-01 05:55:45','GET customers','2015-11-01 05:55:45'),(232,'staff','2015-11-01 05:55:45','GET templates','2015-11-01 05:55:45'),(233,'staff','2015-11-01 05:55:59','GET users','2015-11-01 05:55:59'),(234,'staff','2015-11-01 05:56:04','GET templates','2015-11-01 05:56:04'),(235,'staff','2015-11-01 05:56:14','GET working_hours','2015-11-01 05:56:14'),(236,'staff','2015-11-01 05:56:14','GET customers','2015-11-01 05:56:14'),(237,'staff','2015-11-01 05:56:19','PUT working_hours/1','2015-11-01 05:56:19'),(238,'staff','2015-11-01 05:56:19','GET working_hours','2015-11-01 05:56:19'),(239,'staff','2015-11-01 05:56:25','PUT working_hours/1','2015-11-01 05:56:25'),(240,'staff','2015-11-01 05:56:25','GET working_hours','2015-11-01 05:56:25'),(241,'staff','2015-11-01 08:05:18','POST working_hours','2015-11-01 08:05:18'),(242,'staff','2015-11-01 08:05:18','GET working_hours','2015-11-01 08:05:18'),(243,'staff','2015-11-01 08:05:25','PUT working_hours/17','2015-11-01 08:05:25'),(244,'staff','2015-11-01 08:05:25','GET working_hours','2015-11-01 08:05:25'),(245,'staff','2015-11-01 08:05:29','DELETE working_hours/17','2015-11-01 08:05:29'),(246,'staff','2015-11-01 08:05:29','GET working_hours','2015-11-01 08:05:29'),(247,'staff','2015-11-01 08:10:42','GET customers','2015-11-01 08:10:42'),(248,'staff','2015-11-01 08:10:42','GET templates','2015-11-01 08:10:42'),(249,'staff','2015-11-01 08:11:21','GET customers','2015-11-01 08:11:21'),(250,'staff','2015-11-01 08:11:21','GET templates','2015-11-01 08:11:21'),(251,'staff','2015-11-01 08:11:46','GET simple_infos','2015-11-01 08:11:46'),(252,'staff','2015-11-01 08:12:02','POST customers','2015-11-01 08:12:02'),(253,'staff','2015-11-01 08:12:02','GET customers','2015-11-01 08:12:02'),(254,'staff','2015-11-01 08:12:09','PUT customers/4','2015-11-01 08:12:09'),(255,'staff','2015-11-01 08:12:09','GET customers','2015-11-01 08:12:09'),(256,'staff','2015-11-01 08:12:26','DELETE customers/4','2015-11-01 08:12:26'),(257,'staff','2015-11-01 08:12:26','GET customers','2015-11-01 08:12:26'),(258,'staff','2015-11-01 08:12:44','GET gallerys','2015-11-01 08:12:44'),(259,'staff','2015-11-01 08:12:44','GET customers','2015-11-01 08:12:44'),(260,'staff','2015-11-01 08:14:08','GET gallerys','2015-11-01 08:14:08'),(261,'staff','2015-11-01 08:14:08','GET customers','2015-11-01 08:14:08'),(262,'staff','2015-11-01 08:14:30','POST gallerys','2015-11-01 08:14:30'),(263,'staff','2015-11-01 08:14:30','GET gallerys','2015-11-01 08:14:30'),(264,'staff','2015-11-01 08:22:35','POST gallerys','2015-11-01 08:22:35'),(265,'staff','2015-11-01 08:22:52','POST gallerys','2015-11-01 08:22:52'),(266,'staff','2015-11-01 08:22:52','GET gallerys','2015-11-01 08:22:52'),(267,'staff','2015-11-01 08:23:22','GET simple_infos','2015-11-01 08:23:22'),(268,'staff','2015-11-01 08:23:29','GET gallerys','2015-11-01 08:23:29'),(269,'staff','2015-11-01 08:23:29','GET customers','2015-11-01 08:23:29'),(270,'staff','2015-11-01 08:23:40','POST gallerys','2015-11-01 08:23:40'),(271,'staff','2015-11-01 08:23:40','GET gallerys','2015-11-01 08:23:40'),(272,'staff','2015-11-01 08:26:23','GET gallerys','2015-11-01 08:26:23'),(273,'staff','2015-11-01 08:26:23','GET customers','2015-11-01 08:26:23'),(274,'staff','2015-11-01 08:28:18','GET gallerys','2015-11-01 08:28:18'),(275,'staff','2015-11-01 08:28:18','GET customers','2015-11-01 08:28:18'),(276,'staff','2015-11-01 08:28:40','GET gallerys','2015-11-01 08:28:40'),(277,'staff','2015-11-01 08:28:40','GET customers','2015-11-01 08:28:40'),(278,'staff','2015-11-01 08:29:42','GET gallerys','2015-11-01 08:29:42'),(279,'staff','2015-11-01 08:29:42','GET customers','2015-11-01 08:29:42'),(280,'staff','2015-11-01 08:30:47','GET gallerys','2015-11-01 08:30:47'),(281,'staff','2015-11-01 08:30:47','GET customers','2015-11-01 08:30:47'),(282,'staff','2015-11-01 08:31:12','GET gallerys','2015-11-01 08:31:12'),(283,'staff','2015-11-01 08:31:12','GET customers','2015-11-01 08:31:12'),(284,'staff','2015-11-01 08:33:33','GET gallerys','2015-11-01 08:33:33'),(285,'staff','2015-11-01 08:33:33','GET customers','2015-11-01 08:33:33'),(286,'staff','2015-11-01 08:36:06','GET gallerys','2015-11-01 08:36:06'),(287,'staff','2015-11-01 08:36:06','GET customers','2015-11-01 08:36:06'),(288,'staff','2015-11-01 08:37:47','GET customers','2015-11-01 08:37:47'),(289,'staff','2015-11-01 08:37:47','GET templates','2015-11-01 08:37:47'),(290,'staff','2015-11-01 08:37:48','GET simple_infos','2015-11-01 08:37:48'),(291,'staff','2015-11-01 08:38:01','GET simple_infos','2015-11-01 08:38:01'),(292,'staff','2015-11-01 08:38:45','GET gallerys','2015-11-01 08:38:45'),(293,'staff','2015-11-01 08:38:45','GET customers','2015-11-01 08:38:45'),(294,'staff','2015-11-01 08:38:52','POST gallerys','2015-11-01 08:38:52'),(295,'staff','2015-11-01 08:38:52','GET gallerys','2015-11-01 08:38:52'),(296,'staff','2015-11-01 08:44:38','GET simple_infos','2015-11-01 08:44:38'),(297,'staff','2015-11-01 08:44:42','GET customers','2015-11-01 08:44:42'),(298,'staff','2015-11-01 08:44:43','GET templates','2015-11-01 08:44:43'),(299,'staff','2015-11-01 08:54:15','GET simple_infos','2015-11-01 08:54:15'),(300,'staff','2015-11-01 09:07:25','GET customers','2015-11-01 09:07:25'),(301,'staff','2015-11-01 09:07:25','GET templates','2015-11-01 09:07:25'),(302,'staff','2015-11-01 09:07:28','GET gallerys','2015-11-01 09:07:28'),(303,'staff','2015-11-01 09:07:28','GET customers','2015-11-01 09:07:28'),(304,'staff','2015-11-01 09:08:17','GET simple_infos','2015-11-01 09:08:17'),(305,'staff','2015-11-01 09:11:00','GET simple_infos','2015-11-01 09:11:00'),(306,'staff','2015-11-01 09:11:25','POST simple_infos','2015-11-01 09:11:25'),(307,'staff','2015-11-01 09:11:25','GET simple_infos','2015-11-01 09:11:25'),(308,'staff','2015-11-01 09:11:41','PUT simple_infos','2015-11-01 09:11:41'),(309,'staff','2015-11-01 09:11:42','PUT simple_infos','2015-11-01 09:11:42'),(310,'staff','2015-11-01 09:11:42','PUT simple_infos','2015-11-01 09:11:42'),(311,'staff','2015-11-01 09:11:42','PUT simple_infos','2015-11-01 09:11:42'),(312,'staff','2015-11-01 09:12:08','DELETE simple_infos/3','2015-11-01 09:12:08'),(313,'staff','2015-11-01 09:12:08','GET simple_infos','2015-11-01 09:12:08'),(314,'staff','2015-11-01 09:12:23','GET simple_infos','2015-11-01 09:12:23'),(315,'staff','2015-11-01 09:12:38','POST simple_infos','2015-11-01 09:12:38'),(316,'staff','2015-11-01 09:12:38','GET simple_infos','2015-11-01 09:12:38'),(317,'staff','2015-11-01 09:12:55','DELETE simple_infos/4','2015-11-01 09:12:55'),(318,'staff','2015-11-01 09:12:55','GET simple_infos','2015-11-01 09:12:55'),(319,'staff','2015-11-01 09:13:06','POST simple_infos','2015-11-01 09:13:06'),(320,'staff','2015-11-01 09:13:06','GET simple_infos','2015-11-01 09:13:06'),(321,'staff','2015-11-01 09:13:15','PUT simple_infos','2015-11-01 09:13:15'),(322,'staff','2015-11-01 09:19:35','GET gallerys','2015-11-01 09:19:35'),(323,'staff','2015-11-01 09:19:35','GET customers','2015-11-01 09:19:35'),(324,'staff','2015-11-01 09:21:11','GET customers','2015-11-01 09:21:11'),(325,'staff','2015-11-01 09:21:11','GET templates','2015-11-01 09:21:11'),(326,'staff','2015-11-01 09:21:20','POST customers','2015-11-01 09:21:20'),(327,'staff','2015-11-01 09:21:20','GET customers','2015-11-01 09:21:20'),(328,'staff','2015-11-01 09:27:22','POST customers','2015-11-01 09:27:22'),(329,'staff','2015-11-01 09:27:22','GET customers','2015-11-01 09:27:22'),(330,'staff','2015-11-01 09:43:07','GET users','2015-11-01 09:43:07'),(331,'staff','2015-11-01 11:00:09','GET gallerys','2015-11-01 11:00:09'),(332,'staff','2015-11-01 11:00:09','GET customers','2015-11-01 11:00:09'),(333,'staff','2015-11-01 11:00:15','GET simple_infos','2015-11-01 11:00:15'),(334,'staff','2015-11-01 11:00:17','GET customers','2015-11-01 11:00:17'),(335,'staff','2015-11-01 11:00:17','GET templates','2015-11-01 11:00:17'),(336,'staff','2015-11-01 11:02:59','GET simple_infos','2015-11-01 11:02:59'),(337,'staff','2015-11-01 11:03:44','GET simple_infos','2015-11-01 11:03:44'),(338,'staff','2015-11-01 11:04:35','GET simple_infos','2015-11-01 11:04:35'),(339,'staff','2015-11-01 11:05:54','GET simple_infos','2015-11-01 11:05:54'),(340,'staff','2015-11-01 11:10:09','GET simple_infos','2015-11-01 11:10:09'),(341,'staff','2015-11-01 11:10:15','DELETE simple_infos/5','2015-11-01 11:10:15'),(342,'staff','2015-11-01 11:10:15','GET simple_infos','2015-11-01 11:10:15'),(343,'staff','2015-11-01 11:10:59','POST simple_infos','2015-11-01 11:10:59'),(344,'staff','2015-11-01 11:11:01','POST simple_infos','2015-11-01 11:11:01'),(345,'staff','2015-11-01 11:17:40','GET gallerys','2015-11-01 11:17:40'),(346,'staff','2015-11-01 11:17:40','GET customers','2015-11-01 11:17:40'),(347,'staff','2015-11-01 11:17:43','GET simple_infos','2015-11-01 11:17:43'),(348,'staff','2015-11-01 11:17:49','GET simple_infos','2015-11-01 11:17:49'),(349,'staff','2015-11-01 11:18:02','POST simple_infos','2015-11-01 11:18:02'),(350,'staff','2015-11-01 11:19:17','GET gallerys','2015-11-01 11:19:17'),(351,'staff','2015-11-01 11:19:17','GET customers','2015-11-01 11:19:17'),(352,'staff','2015-11-01 11:19:21','GET simple_infos','2015-11-01 11:19:21'),(353,'staff','2015-11-01 11:19:36','POST simple_infos','2015-11-01 11:19:36'),(354,'staff','2015-11-01 11:24:49','GET simple_infos','2015-11-01 11:24:49'),(355,'staff','2015-11-01 11:25:01','POST simple_infos','2015-11-01 11:25:01'),(356,'staff','2015-11-01 11:27:43','GET simple_infos','2015-11-01 11:27:43'),(357,'staff','2015-11-01 11:27:52','POST simple_infos','2015-11-01 11:27:52'),(358,'staff','2015-11-01 11:37:51','GET gallerys','2015-11-01 11:37:51'),(359,'staff','2015-11-01 11:37:51','GET customers','2015-11-01 11:37:51'),(360,'staff','2015-11-01 11:37:57','DELETE gallerys/47','2015-11-01 11:37:57'),(361,'staff','2015-11-01 11:37:57','GET gallerys','2015-11-01 11:37:57'),(362,'staff','2015-11-01 11:38:06','POST gallerys','2015-11-01 11:38:06'),(363,'staff','2015-11-01 11:39:40','GET gallerys','2015-11-01 11:39:40'),(364,'staff','2015-11-01 11:39:40','GET customers','2015-11-01 11:39:40'),(365,'staff','2015-11-01 11:39:47','POST gallerys','2015-11-01 11:39:47'),(366,'staff','2015-11-01 11:40:18','GET gallerys','2015-11-01 11:40:18'),(367,'staff','2015-11-01 11:40:18','GET customers','2015-11-01 11:40:18'),(368,'staff','2015-11-01 11:40:25','POST gallerys','2015-11-01 11:40:25'),(369,'staff','2015-11-01 11:41:18','GET gallerys','2015-11-01 11:41:18'),(370,'staff','2015-11-01 11:41:18','GET customers','2015-11-01 11:41:18'),(371,'staff','2015-11-01 11:41:25','POST gallerys','2015-11-01 11:41:25'),(372,'staff','2015-11-01 11:41:48','GET gallerys','2015-11-01 11:41:48'),(373,'staff','2015-11-01 11:41:48','GET customers','2015-11-01 11:41:48'),(374,'staff','2015-11-01 11:41:55','POST gallerys','2015-11-01 11:41:55'),(375,'staff','2015-11-01 11:42:23','GET simple_infos','2015-11-01 11:42:23'),(376,'staff','2015-11-01 11:42:28','GET gallerys','2015-11-01 11:42:28'),(377,'staff','2015-11-01 11:42:28','GET customers','2015-11-01 11:42:28'),(378,'staff','2015-11-01 11:42:34','POST gallerys','2015-11-01 11:42:34'),(379,'staff','2015-11-01 11:42:59','GET gallerys','2015-11-01 11:42:59'),(380,'staff','2015-11-01 11:42:59','GET customers','2015-11-01 11:42:59'),(381,'staff','2015-11-01 11:43:06','POST gallerys','2015-11-01 11:43:06'),(382,'staff','2015-11-01 11:43:06','GET gallerys','2015-11-01 11:43:06'),(383,'staff','2015-11-01 11:43:32','POST gallerys','2015-11-01 11:43:32'),(384,'staff','2015-11-01 11:43:32','GET gallerys','2015-11-01 11:43:32'),(385,'staff','2015-11-01 11:46:08','GET working_hours','2015-11-01 11:46:08'),(386,'staff','2015-11-01 11:46:08','GET customers','2015-11-01 11:46:08'),(387,'staff','2015-11-01 11:46:09','GET simple_infos','2015-11-01 11:46:09'),(388,'staff','2015-11-01 11:46:11','GET gallerys','2015-11-01 11:46:11'),(389,'staff','2015-11-01 11:46:11','GET customers','2015-11-01 11:46:11'),(390,'staff','2015-11-01 11:46:44','POST simple_infos','2015-11-01 11:46:44'),(391,'staff','2015-11-01 11:47:55','GET customers','2015-11-01 11:47:55'),(392,'staff','2015-11-01 11:47:55','GET templates','2015-11-01 11:47:55'),(393,'staff','2015-11-01 11:48:07','POST working_hours','2015-11-01 11:48:07'),(394,'staff','2015-11-01 11:48:07','GET working_hours','2015-11-01 11:48:07'),(395,'staff','2015-11-01 11:48:11','DELETE working_hours/18','2015-11-01 11:48:11'),(396,'staff','2015-11-01 11:48:11','GET working_hours','2015-11-01 11:48:11'),(397,'staff','2015-11-01 12:00:58','GET simple_infos','2015-11-01 12:00:58'),(398,'staff','2015-11-01 12:00:58','GET customers','2015-11-01 12:00:58'),(399,'staff','2015-11-01 12:02:58','GET simple_infos','2015-11-01 12:02:58'),(400,'staff','2015-11-01 12:03:18','GET simple_infos','2015-11-01 12:03:18'),(401,'staff','2015-11-01 12:03:18','GET customers','2015-11-01 12:03:18'),(402,'staff','2015-11-01 12:03:41','POST simple_infos','2015-11-01 12:03:41'),(403,'staff','2015-11-01 12:05:41','POST simple_infos','2015-11-01 12:05:41'),(404,'staff','2015-11-01 12:07:57','GET gallerys','2015-11-01 12:07:57'),(405,'staff','2015-11-01 12:07:57','GET customers','2015-11-01 12:07:57'),(406,'staff','2015-11-01 12:08:07','POST gallerys','2015-11-01 12:08:07'),(407,'staff','2015-11-01 12:08:07','GET gallerys','2015-11-01 12:08:07'),(408,'staff','2015-11-01 12:08:14','DELETE gallerys/48','2015-11-01 12:08:14'),(409,'staff','2015-11-01 12:08:14','GET gallerys','2015-11-01 12:08:14'),(410,'staff','2015-11-01 12:08:16','DELETE gallerys/49','2015-11-01 12:08:16'),(411,'staff','2015-11-01 12:08:16','GET gallerys','2015-11-01 12:08:16'),(412,'staff','2015-11-01 12:08:18','DELETE gallerys/50','2015-11-01 12:08:18'),(413,'staff','2015-11-01 12:08:18','GET gallerys','2015-11-01 12:08:18'),(414,'staff','2015-11-01 12:08:21','DELETE gallerys/52','2015-11-01 12:08:21'),(415,'staff','2015-11-01 12:08:21','GET gallerys','2015-11-01 12:08:21'),(416,'staff','2015-11-01 12:08:24','DELETE gallerys/51','2015-11-01 12:08:24'),(417,'staff','2015-11-01 12:08:24','GET gallerys','2015-11-01 12:08:24'),(418,'staff','2015-11-01 12:08:28','DELETE gallerys/53','2015-11-01 12:08:28'),(419,'staff','2015-11-01 12:08:28','GET gallerys','2015-11-01 12:08:28'),(420,'staff','2015-11-01 12:08:38','POST gallerys','2015-11-01 12:08:38'),(421,'staff','2015-11-01 12:08:38','GET gallerys','2015-11-01 12:08:38'),(422,'staff','2015-11-01 12:08:41','DELETE gallerys/54','2015-11-01 12:08:41'),(423,'staff','2015-11-01 12:08:41','GET gallerys','2015-11-01 12:08:41'),(424,'staff','2015-11-01 12:09:05','POST simple_infos','2015-11-01 12:09:05'),(425,'staff','2015-11-01 12:09:54','GET simple_infos','2015-11-01 12:09:54'),(426,'staff','2015-11-01 12:09:54','GET customers','2015-11-01 12:09:54'),(427,'staff','2015-11-01 12:10:13','POST simple_infos','2015-11-01 12:10:13'),(428,'staff','2015-11-01 12:12:13','POST simple_infos','2015-11-01 12:12:13'),(429,'staff','2015-11-01 12:13:32','GET gallerys','2015-11-01 12:13:32'),(430,'staff','2015-11-01 12:13:32','GET customers','2015-11-01 12:13:32'),(431,'staff','2015-11-01 12:13:34','GET simple_infos','2015-11-01 12:13:34'),(432,'staff','2015-11-01 12:13:34','GET customers','2015-11-01 12:13:34'),(433,'staff','2015-11-01 12:13:56','POST simple_infos','2015-11-01 12:13:56'),(434,'staff','2015-11-01 12:15:49','GET simple_infos','2015-11-01 12:15:49'),(435,'staff','2015-11-01 12:15:49','GET customers','2015-11-01 12:15:49'),(436,'staff','2015-11-01 12:16:09','POST simple_infos','2015-11-01 12:16:09'),(437,'staff','2015-11-01 12:16:09','GET simple_infos','2015-11-01 12:16:09'),(438,'staff','2015-11-01 12:17:33','POST simple_infos','2015-11-01 12:17:33'),(439,'staff','2015-11-01 12:17:36','POST simple_infos','2015-11-01 12:17:36'),(440,'staff','2015-11-01 12:17:36','GET simple_infos','2015-11-01 12:17:36'),(441,'staff','2015-11-01 12:18:08','DELETE simple_infos/6','2015-11-01 12:18:08'),(442,'staff','2015-11-01 12:18:08','GET simple_infos','2015-11-01 12:18:08'),(443,'staff','2015-11-01 12:18:11','DELETE simple_infos/7','2015-11-01 12:18:11'),(444,'staff','2015-11-01 12:18:11','GET simple_infos','2015-11-01 12:18:11'),(445,'staff','2015-11-01 12:19:03','GET working_hours','2015-11-01 12:19:03'),(446,'staff','2015-11-01 12:19:03','GET customers','2015-11-01 12:19:03'),(447,'staff','2015-11-01 12:19:04','GET customers','2015-11-01 12:19:04'),(448,'staff','2015-11-01 12:19:04','GET templates','2015-11-01 12:19:04'),(449,'staff','2015-11-01 12:19:10','DELETE customers/5','2015-11-01 12:19:10'),(450,'staff','2015-11-01 12:19:10','GET customers','2015-11-01 12:19:10'),(451,'staff','2015-11-01 12:19:13','DELETE customers/6','2015-11-01 12:19:13'),(452,'staff','2015-11-01 12:19:13','GET customers','2015-11-01 12:19:13'),(453,'staff','2015-11-01 12:19:17','GET gallerys','2015-11-01 12:19:17'),(454,'staff','2015-11-01 12:19:17','GET customers','2015-11-01 12:19:17'),(455,'staff','2015-11-01 12:19:26','GET templates','2015-11-01 12:19:26'),(456,'staff','2015-11-01 12:19:33','POST simple_infos','2015-11-01 12:19:33'),(457,'staff','2015-11-01 12:19:50','PUT working_hours/2','2015-11-01 12:19:50'),(458,'staff','2015-11-01 12:19:50','GET working_hours','2015-11-01 12:19:50'),(459,'staff','2015-11-01 12:21:33','POST simple_infos','2015-11-01 12:21:33'),(460,'staff','2015-11-01 12:27:51','GET gallerys','2015-11-01 12:27:51'),(461,'staff','2015-11-01 12:27:51','GET customers','2015-11-01 12:27:51'),(462,'staff','2015-11-01 12:27:57','PUT gallerys','2015-11-01 12:27:57'),(463,'staff','2015-11-01 12:28:30','PUT gallerys','2015-11-01 12:28:30'),(464,'staff','2015-11-01 12:28:38','GET gallerys','2015-11-01 12:28:38'),(465,'staff','2015-11-01 12:29:13','GET gallerys','2015-11-01 12:29:13'),(466,'staff','2015-11-01 12:29:13','GET customers','2015-11-01 12:29:13'),(467,'staff','2015-11-01 12:29:15','GET simple_infos','2015-11-01 12:29:15'),(468,'staff','2015-11-01 12:29:15','GET customers','2015-11-01 12:29:15'),(469,'staff','2015-11-01 12:30:29','GET gallerys','2015-11-01 12:30:29'),(470,'staff','2015-11-01 12:30:29','GET customers','2015-11-01 12:30:29'),(471,'staff','2015-11-01 12:30:33','GET simple_infos','2015-11-01 12:30:33'),(472,'staff','2015-11-01 12:30:33','GET customers','2015-11-01 12:30:33'),(473,'staff','2015-11-01 12:30:37','GET customers','2015-11-01 12:30:37'),(474,'staff','2015-11-01 12:30:37','GET templates','2015-11-01 12:30:37'),(475,'staff','2015-11-01 12:30:57','PUT gallerys','2015-11-01 12:30:57'),(476,'staff','2015-11-01 12:36:19','GET gallerys','2015-11-01 12:36:19'),(477,'staff','2015-11-01 12:36:19','GET customers','2015-11-01 12:36:19'),(478,'staff','2015-11-01 13:02:57','GET simple_infos','2015-11-01 13:02:57'),(479,'staff','2015-11-01 13:02:57','GET customers','2015-11-01 13:02:57'),(480,'staff','2015-11-01 13:04:15','GET gallerys','2015-11-01 13:04:15'),(481,'staff','2015-11-01 13:04:15','GET customers','2015-11-01 13:04:15'),(482,'staff','2015-11-01 13:05:07','GET gallerys','2015-11-01 13:05:07'),(483,'staff','2015-11-01 13:05:07','GET customers','2015-11-01 13:05:07'),(484,'staff','2015-11-02 22:13:10','GET customers','2015-11-02 22:13:10'),(485,'staff','2015-11-02 22:13:10','GET templates','2015-11-02 22:13:10'),(486,'staff','2015-11-02 22:20:32','GET customers','2015-11-02 22:20:32'),(487,'staff','2015-11-02 22:20:32','GET templates','2015-11-02 22:20:32'),(488,'staff','2015-11-02 22:46:10','GET simple_infos','2015-11-02 22:46:10'),(489,'staff','2015-11-02 22:46:10','GET customers','2015-11-02 22:46:10'),(490,'staff','2015-11-02 22:46:12','GET customers','2015-11-02 22:46:12'),(491,'staff','2015-11-02 22:46:12','GET templates','2015-11-02 22:46:12'),(492,'staff','2015-11-02 22:53:14','POST simple_infos','2015-11-02 22:53:14'),(493,'staff','2015-11-02 22:53:21','POST simple_infos','2015-11-02 22:53:21'),(494,'staff','2015-11-02 22:55:21','POST simple_infos','2015-11-02 22:55:21'),(495,'staff','2015-11-02 23:12:40','GET customers','2015-11-02 23:12:40'),(496,'staff','2015-11-02 23:12:40','GET templates','2015-11-02 23:12:40'),(497,'staff','2015-11-02 23:12:43','DELETE customers/9','2015-11-02 23:12:43'),(498,'staff','2015-11-02 23:12:43','GET customers','2015-11-02 23:12:43'),(499,'staff','2015-11-02 23:12:46','DELETE customers/10','2015-11-02 23:12:46'),(500,'staff','2015-11-02 23:12:46','GET customers','2015-11-02 23:12:46'),(501,'staff','2015-11-02 23:12:51','DELETE customers/7','2015-11-02 23:12:51'),(502,'staff','2015-11-02 23:12:51','GET customers','2015-11-02 23:12:51'),(503,'staff','2015-11-02 23:13:06','POST customers','2015-11-02 23:13:06'),(504,'staff','2015-11-02 23:13:06','GET customers','2015-11-02 23:13:06'),(505,'staff','2015-11-02 23:29:40','GET simple_infos','2015-11-02 23:29:40'),(506,'staff','2015-11-02 23:29:40','GET customers','2015-11-02 23:29:40'),(507,'staff','2015-11-02 23:29:41','GET customers','2015-11-02 23:29:41'),(508,'staff','2015-11-02 23:29:41','GET templates','2015-11-02 23:29:41'),(509,'staff','2015-11-02 23:30:58','GET customers','2015-11-02 23:30:58'),(510,'staff','2015-11-02 23:30:58','GET templates','2015-11-02 23:30:58'),(511,'staff','2015-11-02 23:31:03','PUT customers/11','2015-11-02 23:31:03'),(512,'staff','2015-11-02 23:33:03','PUT customers/11','2015-11-02 23:33:03'),(513,'staff','2015-11-02 23:35:53','GET customers','2015-11-02 23:35:53'),(514,'staff','2015-11-02 23:35:53','GET templates','2015-11-02 23:35:53'),(515,'staff','2015-11-02 23:36:01','PUT customers/11','2015-11-02 23:36:01'),(516,'staff','2015-11-02 23:37:47','PUT customers/11','2015-11-02 23:37:47'),(517,'staff','2015-11-02 23:38:01','PUT customers/11','2015-11-02 23:38:01'),(518,'staff','2015-11-02 23:38:09','PUT customers/11','2015-11-02 23:38:09'),(519,'staff','2015-11-02 23:39:50','GET customers','2015-11-02 23:39:50'),(520,'staff','2015-11-02 23:39:50','GET templates','2015-11-02 23:39:50'),(521,'staff','2015-11-02 23:39:58','PUT customers/11','2015-11-02 23:39:58'),(522,'staff','2015-11-02 23:40:25','PUT customers/11','2015-11-02 23:40:25'),(523,'staff','2015-11-02 23:41:56','GET customers','2015-11-02 23:41:56'),(524,'staff','2015-11-02 23:41:56','GET templates','2015-11-02 23:41:56'),(525,'staff','2015-11-02 23:42:02','PUT customers/11','2015-11-02 23:42:02'),(526,'staff','2015-11-02 23:43:48','GET customers','2015-11-02 23:43:48'),(527,'staff','2015-11-02 23:43:48','GET templates','2015-11-02 23:43:48'),(528,'staff','2015-11-02 23:43:58','PUT customers/11','2015-11-02 23:43:58'),(529,'staff','2015-11-02 23:45:06','GET customers','2015-11-02 23:45:06'),(530,'staff','2015-11-02 23:45:06','GET templates','2015-11-02 23:45:06'),(531,'staff','2015-11-02 23:45:14','PUT customers/11','2015-11-02 23:45:14'),(532,'staff','2015-11-02 23:47:14','PUT customers/11','2015-11-02 23:47:14'),(533,'staff','2015-11-02 23:47:39','GET customers','2015-11-02 23:47:39'),(534,'staff','2015-11-02 23:47:39','GET templates','2015-11-02 23:47:39'),(535,'staff','2015-11-02 23:47:44','PUT customers/11','2015-11-02 23:47:44'),(536,'staff','2015-11-02 23:49:44','PUT customers/11','2015-11-02 23:49:44'),(537,'staff','2015-11-02 23:53:11','GET customers','2015-11-02 23:53:11'),(538,'staff','2015-11-02 23:53:11','GET templates','2015-11-02 23:53:11'),(539,'staff','2015-11-02 23:53:16','PUT customers/11','2015-11-02 23:53:16'),(540,'staff','2015-11-02 23:53:16','GET customers','2015-11-02 23:53:16'),(541,'staff','2015-11-02 23:54:57','GET customers','2015-11-02 23:54:57'),(542,'staff','2015-11-02 23:54:57','GET templates','2015-11-02 23:54:57'),(543,'staff','2015-11-02 23:55:02','PUT customers/11','2015-11-02 23:55:02'),(544,'staff','2015-11-02 23:55:02','GET customers','2015-11-02 23:55:02'),(545,'staff','2015-11-02 23:56:08','GET customers','2015-11-02 23:56:08'),(546,'staff','2015-11-02 23:56:08','GET templates','2015-11-02 23:56:08'),(547,'staff','2015-11-02 23:56:14','PUT customers/11','2015-11-02 23:56:14'),(548,'staff','2015-11-02 23:56:14','GET customers','2015-11-02 23:56:14'),(549,'staff','2015-11-02 23:56:47','DELETE customers/11','2015-11-02 23:56:47'),(550,'staff','2015-11-02 23:56:47','GET customers','2015-11-02 23:56:47'),(551,'staff','2015-11-02 23:57:02','GET customers','2015-11-02 23:57:02'),(552,'staff','2015-11-02 23:57:02','GET templates','2015-11-02 23:57:02'),(553,'staff','2015-11-02 23:57:18','POST customers','2015-11-02 23:57:18'),(554,'staff','2015-11-02 23:57:18','GET customers','2015-11-02 23:57:18'),(555,'staff','2015-11-02 23:58:39','PUT customers/12','2015-11-02 23:58:39'),(556,'staff','2015-11-02 23:58:39','GET customers','2015-11-02 23:58:39'),(557,'staff','2015-11-03 00:00:31','GET customers','2015-11-03 00:00:31'),(558,'staff','2015-11-03 00:00:31','GET templates','2015-11-03 00:00:31'),(559,'staff','2015-11-03 00:00:44','PUT customers/12','2015-11-03 00:00:44'),(560,'staff','2015-11-03 00:00:44','GET customers','2015-11-03 00:00:44'),(561,'staff','2015-11-03 00:00:49','PUT customers/12','2015-11-03 00:00:49'),(562,'staff','2015-11-03 00:00:49','GET customers','2015-11-03 00:00:49'),(563,'staff','2015-11-03 00:22:47','GET customers','2015-11-03 00:22:47'),(564,'staff','2015-11-03 00:22:47','GET templates','2015-11-03 00:22:47'),(565,'staff','2015-11-03 00:22:54','PUT customers/12','2015-11-03 00:22:54'),(566,'staff','2015-11-03 00:23:46','GET customers','2015-11-03 00:23:46'),(567,'staff','2015-11-03 00:23:46','GET templates','2015-11-03 00:23:46'),(568,'staff','2015-11-03 00:23:51','PUT customers/12','2015-11-03 00:23:51'),(569,'staff','2015-11-03 00:23:51','GET customers','2015-11-03 00:23:51'),(570,'staff','2015-11-03 00:50:01','GET customers','2015-11-03 00:50:01'),(571,'staff','2015-11-03 00:50:01','GET templates','2015-11-03 00:50:01'),(572,'staff','2015-11-03 00:50:05','PUT customers/12','2015-11-03 00:50:05'),(573,'staff','2015-11-03 00:50:05','GET customers','2015-11-03 00:50:05'),(574,'staff','2015-11-03 00:50:19','PUT customers/12','2015-11-03 00:50:19'),(575,'staff','2015-11-03 00:50:19','GET customers','2015-11-03 00:50:19'),(576,'staff','2015-11-03 00:50:36','GET simple_infos','2015-11-03 00:50:36'),(577,'staff','2015-11-03 00:50:36','GET customers','2015-11-03 00:50:36'),(578,'staff','2015-11-03 00:51:21','PUT customers/12','2015-11-03 00:51:21'),(579,'staff','2015-11-03 00:51:21','GET customers','2015-11-03 00:51:21'),(580,'staff','2015-11-03 00:55:12','GET customers','2015-11-03 00:55:12'),(581,'staff','2015-11-03 00:55:12','GET templates','2015-11-03 00:55:12'),(582,'staff','2015-11-03 00:55:31','GET simple_infos','2015-11-03 00:55:31'),(583,'staff','2015-11-03 00:55:31','GET customers','2015-11-03 00:55:31'),(584,'staff','2015-11-03 00:56:10','GET simple_infos','2015-11-03 00:56:10'),(585,'staff','2015-11-03 00:56:10','GET customers','2015-11-03 00:56:10'),(586,'staff','2015-11-03 00:57:44','POST simple_infos','2015-11-03 00:57:44'),(587,'staff','2015-11-03 00:57:44','GET simple_infos','2015-11-03 00:57:44'),(588,'staff','2015-11-03 00:59:28','GET gallerys','2015-11-03 00:59:28'),(589,'staff','2015-11-03 00:59:28','GET customers','2015-11-03 00:59:28'),(590,'staff','2015-11-03 00:59:46','POST gallerys','2015-11-03 00:59:46'),(591,'staff','2015-11-03 00:59:46','GET gallerys','2015-11-03 00:59:46'),(592,'staff','2015-11-03 01:00:01','POST gallerys','2015-11-03 01:00:01'),(593,'staff','2015-11-03 01:00:01','GET gallerys','2015-11-03 01:00:01'),(594,'staff','2015-11-03 01:00:03','GET working_hours','2015-11-03 01:00:03'),(595,'staff','2015-11-03 01:00:03','GET customers','2015-11-03 01:00:03'),(596,'staff','2015-11-03 01:00:30','POST working_hours','2015-11-03 01:00:30'),(597,'staff','2015-11-03 01:00:30','GET working_hours','2015-11-03 01:00:30'),(598,'staff','2015-11-03 01:00:47','POST working_hours','2015-11-03 01:00:47'),(599,'staff','2015-11-03 01:00:47','GET working_hours','2015-11-03 01:00:47'),(600,'staff','2015-11-03 01:00:48','GET templates','2015-11-03 01:00:48'),(601,'staff','2015-11-03 01:01:54','GET users','2015-11-03 01:01:54'),(602,'staff','2015-11-03 01:01:55','GET logs','2015-11-03 01:01:55');
/*!40000 ALTER TABLE `logs` ENABLE KEYS */;
UNLOCK TABLES;

--
-- Table structure for table `menus`
--

DROP TABLE IF EXISTS `menus`;
/*!40101 SET @saved_cs_client     = @@character_set_client */;
/*!40101 SET character_set_client = utf8 */;
CREATE TABLE `menus` (
  `id` int(11) NOT NULL AUTO_INCREMENT,
  `display` varchar(45) NOT NULL,
  `link` varchar(45) NOT NULL,
  `customer_id` varchar(45) DEFAULT NULL,
  `created_at` datetime DEFAULT NULL,
  `updated_at` datetime DEFAULT NULL,
  PRIMARY KEY (`id`)
) ENGINE=InnoDB AUTO_INCREMENT=17 DEFAULT CHARSET=utf8;
/*!40101 SET character_set_client = @saved_cs_client */;

--
-- Dumping data for table `menus`
--

LOCK TABLES `menus` WRITE;
/*!40000 ALTER TABLE `menus` DISABLE KEYS */;
INSERT INTO `menus` VALUES (1,'home','/home','1',NULL,NULL),(2,'gallery','/gallery','1',NULL,NULL),(3,'phone','/phone','1',NULL,NULL),(4,'map','/map','1',NULL,NULL),(5,'J\'s Tea','/home','2',NULL,NULL),(6,'gallery','/gallery','2',NULL,NULL),(7,'phone','/phone','2',NULL,NULL),(8,'map','/map','2',NULL,NULL),(13,'home','/home','12',NULL,NULL),(14,'gallery','/gallery','12',NULL,NULL),(15,'phone','/phone','12',NULL,NULL),(16,'map','/map','12',NULL,NULL);
/*!40000 ALTER TABLE `menus` ENABLE KEYS */;
UNLOCK TABLES;

--
-- Table structure for table `roles`
--

DROP TABLE IF EXISTS `roles`;
/*!40101 SET @saved_cs_client     = @@character_set_client */;
/*!40101 SET character_set_client = utf8 */;
CREATE TABLE `roles` (
  `id` int(11) NOT NULL AUTO_INCREMENT,
  `name` varchar(45) DEFAULT NULL,
  `created_at` datetime DEFAULT NULL,
  `updated_at` datetime DEFAULT NULL,
  PRIMARY KEY (`id`)
) ENGINE=InnoDB AUTO_INCREMENT=3 DEFAULT CHARSET=utf8;
/*!40101 SET character_set_client = @saved_cs_client */;

--
-- Dumping data for table `roles`
--

LOCK TABLES `roles` WRITE;
/*!40000 ALTER TABLE `roles` DISABLE KEYS */;
INSERT INTO `roles` VALUES (1,'admin','2015-10-15 10:10:48','2015-10-15 10:10:48'),(2,'staff','2015-10-15 10:10:48','2015-10-15 10:10:48');
/*!40000 ALTER TABLE `roles` ENABLE KEYS */;
UNLOCK TABLES;

--
-- Table structure for table `simple_infos`
--

DROP TABLE IF EXISTS `simple_infos`;
/*!40101 SET @saved_cs_client     = @@character_set_client */;
/*!40101 SET character_set_client = utf8 */;
CREATE TABLE `simple_infos` (
  `id` int(11) NOT NULL AUTO_INCREMENT,
  `google_src` varchar(250) NOT NULL,
  `introduction` varchar(1024) NOT NULL,
  `about_hoveredIcon` varchar(45) NOT NULL,
  `about_icon` varchar(45) NOT NULL,
  `about_img` varchar(45) NOT NULL,
  `about_title` varchar(45) NOT NULL,
  `time_hoveredIcon` varchar(45) NOT NULL,
  `time_icon` varchar(45) NOT NULL,
  `time_img` varchar(45) NOT NULL,
  `time_title` varchar(45) NOT NULL,
  `contact_hoveredIcon` varchar(45) NOT NULL,
  `contact_icon` varchar(45) NOT NULL,
  `contact_img` varchar(45) NOT NULL,
  `contact_title` varchar(45) NOT NULL,
  `address` varchar(45) NOT NULL,
  `phone_en` varchar(45) NOT NULL,
  `phone_cn` varchar(45) NOT NULL,
  `opentime` int(11) DEFAULT NULL,
  `email` varchar(45) NOT NULL,
  `name` varchar(45) NOT NULL,
  `type` varchar(45) NOT NULL,
  `summary` varchar(45) NOT NULL,
  `logo` varchar(45) NOT NULL,
  `title_map` varchar(45) NOT NULL,
  `title_gallery` varchar(45) NOT NULL,
  `title_about` varchar(45) NOT NULL,
  `title_contact` varchar(45) NOT NULL,
  `created_at` datetime DEFAULT NULL,
  `updated_at` datetime DEFAULT NULL,
  `customer_id` int(11) DEFAULT NULL,
  PRIMARY KEY (`id`)
) ENGINE=InnoDB AUTO_INCREMENT=10 DEFAULT CHARSET=utf8;
/*!40101 SET character_set_client = @saved_cs_client */;

--
-- Dumping data for table `simple_infos`
--

LOCK TABLES `simple_infos` WRITE;
/*!40000 ALTER TABLE `simple_infos` DISABLE KEYS */;
INSERT INTO `simple_infos` VALUES (1,'https://www.google.com/maps/embed?pb=!1m0!3m2!1sen!2sus!4v1436170635521!6m8!1m7!1sEmPx53PkIOUAAAQqmWhsgw!2m2!1d-36.81214!2d174.726475!3f60.649238235862214!4f-16.318097902715365!5f0.7820865974627469','The only Dutch restaurant in New Zealand. Its a place where the the Dutch feel at home, and where the Kiwis can explore the delicacies of the low lands. Try our pancakes, poffertjes or a broodje frikandel. Or pick your favourite Dutch Cheese to take home. Choose your restaurant by clicking on the tiles above.','/restaurant/images/icon1.jpg','/restaurant/images/icon1-bw.jpg','/restaurant/images/hexagon.png','ABOUT','/restaurant/images/icon2.jpg','/restaurant/images/icon2-bw.jpg','/restaurant/images/hexagon.png','TIME','/restaurant/images/icon3.jpg','/restaurant/images/icon3-bw.jpg','/restaurant/images/hexagon.png','CONTACT','3-5 Birkenhead ave, Birkenhead, Auckland','09 418 1390','021 022 00379',NULL,'info@jibble.co.nz','Dutch Delight','Restaurant or Porterhouse','this is a restaurant','/restaurant/images/s1.jpg','map','gallery','about','contact',NULL,'2015-11-03 09:24:05',1),(2,'https://www.google.com/maps/embed?pb=!1m0!3m2!1sen!2snz!4v1436170131780!6m8!1m7!1sHgRaNXxF_McAAAAGOiCg5g!2m2!1d-36.900635!2d174.742684!3f250.1897867357879!4f-17.25214675495522!5f0.7820865974627469','The only Dutch restaurant in New Zealand. Its a place where the the Dutch feel at home, and where the Kiwis can explore the delicacies of the low lands. Try our pancakes, poffertjes or a broodje frikandel. Or pick your favourite Dutch Cheese to take home. Choose your restaurant by clicking on the tiles above.','/demo2/images/icon1.jpg','/demo2/images/icon1-bw.jpg','/demo2/images/hexagon.png','ABOUT','/demo2/images/icon2.jpg','/demo2/images/icon2-bw.jpg','/demo2/images/hexagon.png','TIME','/demo2/images/icon3.jpg','/demo2/images/icon3-bw.jpg','/demo2/images/hexagon.png','CONTACT','919 Dominion Road, Mt Roskill, Auckland','09 5507775','09 5507775',NULL,'info@jibble.co.nz','J\'s Tea','Restaurant or Porterhouse','this is a restaurant','','map','gallery','about','contact',NULL,'2015-11-03 09:32:22',2),(8,'https://www.google.com/maps/embed?pb=!1m0!3m2!1szh-CN!2sus!4v1446514613710!6m8!1m7!1sxFhzao52tsYAAAQIt3ZQqg!2m2!1d-36.78966323134419!2d174.7728853770269!3f185.84!4f-9.870000000000005!5f0.5970117501821992','This is  a new example. A scientist for the Institute Of Environmental Science And Research (ESR) has told a High Court jury that Mei Fan\'s killer walked through the mother of two\'s house after the brutal attack.','/new/images/icon1.jpg','/new/images/icon1-bw.jpg','/new/images/hexagon.png','about','/new/images/icon2.jpg','/new/images/icon2-bw.jpg','/new/images/hexagon.png','time','/new/images/icon3.jpg','/new/images/icon3-bw.jpg','/new/images/hexagon.png','contact','1 queen street, Auckland','021 202 1111','021 202 3333',NULL,'new@gmail.com','new','new','This is  a new example','/new/images/icon1.jpg','map','gallery','about','contact','2015-11-03 00:57:44','2015-11-03 10:13:03',12);
/*!40000 ALTER TABLE `simple_infos` ENABLE KEYS */;
UNLOCK TABLES;

--
-- Table structure for table `templates`
--

DROP TABLE IF EXISTS `templates`;
/*!40101 SET @saved_cs_client     = @@character_set_client */;
/*!40101 SET character_set_client = utf8 */;
CREATE TABLE `templates` (
  `id` int(11) NOT NULL AUTO_INCREMENT,
  `name` varchar(45) DEFAULT NULL,
  `created_at` datetime DEFAULT NULL,
  `updated_at` datetime DEFAULT NULL,
  `template_folder` varchar(45) DEFAULT NULL,
  PRIMARY KEY (`id`)
) ENGINE=InnoDB AUTO_INCREMENT=3 DEFAULT CHARSET=utf8;
/*!40101 SET character_set_client = @saved_cs_client */;

--
-- Dumping data for table `templates`
--

LOCK TABLES `templates` WRITE;
/*!40000 ALTER TABLE `templates` DISABLE KEYS */;
INSERT INTO `templates` VALUES (1,'Gallery','2015-10-15 10:10:48','2015-10-15 10:10:48','Demo1'),(2,'GoogelPlusStyle','2015-10-15 10:10:48','2015-10-15 10:10:48','Demo2');
/*!40000 ALTER TABLE `templates` ENABLE KEYS */;
UNLOCK TABLES;

--
-- Table structure for table `users`
--

DROP TABLE IF EXISTS `users`;
/*!40101 SET @saved_cs_client     = @@character_set_client */;
/*!40101 SET character_set_client = utf8 */;
CREATE TABLE `users` (
  `id` int(11) NOT NULL AUTO_INCREMENT,
  `name` varchar(45) DEFAULT NULL,
  `password` varchar(45) DEFAULT NULL,
  `role_id` varchar(45) DEFAULT NULL,
  `created_at` datetime DEFAULT NULL,
  `updated_at` datetime DEFAULT NULL,
  PRIMARY KEY (`id`)
) ENGINE=InnoDB AUTO_INCREMENT=51 DEFAULT CHARSET=utf8;
/*!40101 SET character_set_client = @saved_cs_client */;

--
-- Dumping data for table `users`
--

LOCK TABLES `users` WRITE;
/*!40000 ALTER TABLE `users` DISABLE KEYS */;
INSERT INTO `users` VALUES (50,'staff','staff','2','2015-10-15 06:49:16','2015-10-15 06:49:16');
/*!40000 ALTER TABLE `users` ENABLE KEYS */;
UNLOCK TABLES;

--
-- Table structure for table `working_hours`
--

DROP TABLE IF EXISTS `working_hours`;
/*!40101 SET @saved_cs_client     = @@character_set_client */;
/*!40101 SET character_set_client = utf8 */;
CREATE TABLE `working_hours` (
  `id` int(11) NOT NULL AUTO_INCREMENT,
  `days` varchar(45) NOT NULL,
  `times` varchar(45) NOT NULL,
  `customer_id` varchar(45) DEFAULT NULL,
  `created_at` datetime DEFAULT NULL,
  `updated_at` datetime DEFAULT NULL,
  PRIMARY KEY (`id`)
) ENGINE=InnoDB AUTO_INCREMENT=21 DEFAULT CHARSET=utf8;
/*!40101 SET character_set_client = @saved_cs_client */;

--
-- Dumping data for table `working_hours`
--

LOCK TABLES `working_hours` WRITE;
/*!40000 ALTER TABLE `working_hours` DISABLE KEYS */;
INSERT INTO `working_hours` VALUES (1,'Today','9:00am - 6:00pm','1',NULL,'2015-11-01 05:56:25'),(2,'Monday','10:00am - 6:00pm','1',NULL,'2015-11-01 12:19:50'),(3,'Tuesday','9:00am - 6:00pm','1',NULL,NULL),(4,'Wednesday','9:00am - 6:00pm','1',NULL,NULL),(5,'Thursday','9:00am - 6:00pm','1',NULL,NULL),(6,'Friday','9:00am - 6:00pm','1',NULL,NULL),(7,'Saturday','9:00am - 6:00pm','1',NULL,NULL),(8,'Sunday','9:00am - 6:00pm','1',NULL,NULL),(9,'Today','9:00am - 6:00pm','2',NULL,NULL),(10,'Monday','9:00am - 6:00pm','2',NULL,NULL),(11,'Tuesday','9:00am - 6:00pm','2',NULL,NULL),(12,'Wednesday','9:00am - 6:00pm','2',NULL,NULL),(13,'Thursday','9:00am - 6:00pm','2',NULL,NULL),(14,'Friday','9:00am - 6:00pm','2',NULL,NULL),(15,'Saturday','9:00am - 6:00pm','2',NULL,NULL),(16,'Sunday','9:00am - 6:00pm','2',NULL,NULL),(19,'Monday','9:00am - 6:00pm','12','2015-11-03 01:00:30','2015-11-03 01:00:30'),(20,'Tuesday','9:00am - 6:00pm','12','2015-11-03 01:00:47','2015-11-03 01:00:47');
/*!40000 ALTER TABLE `working_hours` ENABLE KEYS */;
UNLOCK TABLES;
/*!40103 SET TIME_ZONE=@OLD_TIME_ZONE */;

/*!40101 SET SQL_MODE=@OLD_SQL_MODE */;
/*!40014 SET FOREIGN_KEY_CHECKS=@OLD_FOREIGN_KEY_CHECKS */;
/*!40014 SET UNIQUE_CHECKS=@OLD_UNIQUE_CHECKS */;
/*!40101 SET CHARACTER_SET_CLIENT=@OLD_CHARACTER_SET_CLIENT */;
/*!40101 SET CHARACTER_SET_RESULTS=@OLD_CHARACTER_SET_RESULTS */;
/*!40101 SET COLLATION_CONNECTION=@OLD_COLLATION_CONNECTION */;
/*!40111 SET SQL_NOTES=@OLD_SQL_NOTES */;

-- Dump completed on 2015-11-03 23:15:40
